,PLAYER_NAME,TEAM_ABBREVIATION,NPTwAO/G,PGen/G,IOEwAO,Eff_Factor,Pos_Weight,Score
0,Aaron Gordon,ORL,21.27,24.21290322580645,1.1578330351082864,1.0648427002108187,0.9086533210963849,27.05144200194055
1,Aaron Holiday,IND,17.56,19.511831462030667,1.1363307183520612,1.0450673229835266,0.8613330503453661,19.21407255184574
2,Abdel Nader,OKC,7.16,8.168514412416851,1.1489062312881722,1.0566328447343998,0.5531684061019251,5.089295929484073
3,Adam Mokoka,CHI,3.07,4.045454545454546,1.318127962085308,1.2122636820766057,0.2920674908276051,1.5895993075799453
4,Admiral Schofield,WAS,3.96,4.354723707664885,1.1174640929466657,1.0277159538902543,0.3595220934962151,1.6307808102795038
5,Al Horford,PHI,17.59,22.571611122469847,1.3079899197418088,1.2029398676261969,0.8618003049982824,36.615166171514254
6,Al-Farouq Aminu,ORL,8.04,7.633333333333334,0.9761295822676898,0.8977325992779029,0.5952891982303782,3.6912149840761517
7,Alec Burks,PHI,20.02,23.073936480186482,1.1691077903364868,1.0752119334572083,0.894859267883719,26.145650479330058
8,Alen Smailagic,GSW,4.74,6.642857142857142,1.4014466546112117,1.2888907075950309,0.41333343896172503,4.744889981157359
9,Alex Caruso,LAL,9.66,10.613196942446043,1.1257700283687129,1.0353548054641881,0.6627224736358943,7.646215168517209
10,Alex Len,SAC,7.73,10.50566037735849,1.3685725266573114,1.2586568361161148,0.5809245712028248,11.21350127978802
11,Alfonzo McKinnie,CLE,5.39,5.658333333333332,1.0694260694260695,0.9835360616887174,0.4547060829813765,2.500501243732112
12,Alize Johnson,IND,2.2,2.9411764705882355,1.3736263736263736,1.2633047878412833,0.21926741196458577,0.8567596759791656
13,Allen Crabbe,MIN,7.27,7.203453453453452,1.0013817920716028,0.9209567002134701,0.5586643721099092,3.442776890796218
14,Allonzo Trier,NYK,8.46,9.754310344827587,1.1593871249795071,1.0662719747302543,0.6139687090885622,6.964642312225068
15,Amile Jefferson,ORL,0.9,1.1666666666666667,1.2995049504950495,1.1951363611706398,0.09630127159804047,0.11578240444854365
16,Amir Coffey,LAC,5.1,5.611111111111112,1.136875281404773,1.0455681499368965,0.4366208069904701,2.6502452685012896
17,Andre Drummond,CLE,20.13,25.071673085151907,1.2587068118074076,1.1576148888629672,0.8961524841595078,37.33338355785558
18,Andre Iguodala,MIA,10.74,11.89383294301327,1.1584902217220718,1.0654471054636887,0.7013133517173051,9.808681730343217
19,Andre Roberson,OKC,4.7,4.285714285714286,0.9124087591240876,0.8391294576172027,0.4106872485285886,1.3927094292450435
20,Andrew Wiggins,GSW,29.72,32.80747728860936,1.1135718789033424,1.0241363395710765,0.9646976271643533,34.431352479713816
21,Anfernee Simons,POR,11.54,12.200539083557949,1.06957937061549,0.9836770506288651,0.7270231993693128,8.515190732366582
22,Ante Zizic,CLE,3.88,5.090909090909091,1.3276434329065907,1.2210149262852876,0.35373124423441027,2.580364651965158
23,Anthony Davis,LAL,28.05,35.39784946236559,1.2737473399110075,1.1714474502710428,0.9574005081573955,62.46527667244052
24,Anthony Tolliver,MEM,5.18,5.866666666666666,1.1451826613666476,1.0532083300337207,0.44166892970234506,2.846905725263177
25,Antonius Cleveland,DAL,1.75,1.181818181818182,0.6770833333333334,0.6227039850067659,0.17872146589856086,0.19831442609629799
26,Anzejs Pasecniks,WAS,5.98,7.592592592592593,1.293212212969972,1.1893490192873648,0.4897280138270196,5.458157279640421
27,Aron Baynes,PHX,12.24,15.995859213250515,1.3121603260869563,1.2067753314788308,0.7476972825817745,21.21741350161965
28,Austin Rivers,HOU,12.54,14.317276516905975,1.160620384280204,1.0674061859023267,0.7560711592601876,12.951952011504007
29,Avery Bradley,LAL,11.07,12.114167406092873,1.1062960393964345,1.0174448526710573,0.7121997574853416,9.011421194016567
30,BJ Johnson,ORL,4.74,3.7,0.7974137931034483,0.7333702104588967,0.41333343896172503,1.0789535775874342
31,Bam Adebayo,MIA,23.29,30.25705019740553,1.3194440088991437,1.2134740317560115,0.9272236390964756,58.09370868318597
32,Ben McLemore,HOU,10.12,12.623537837192648,1.2491932687192366,1.1488654175632191,0.6797341636331968,12.515493141130595
33,Ben Simmons,PHI,32.9,39.96015706617674,1.2358006818720833,1.1365484444689105,0.9753156969954059,64.48698928849642
34,Bismack Biyombo,CHA,6.9,9.909503843466108,1.4530868296361878,1.3363834476927532,0.5399043303814541,11.572417595853631
35,Blake Griffin,DET,25.17,24.154040404040398,0.9745645280927268,0.8962932410430707,0.9410981858911589,16.338016715722055
36,Boban Marjanovic,DAL,5.21,7.668181818181817,1.4728479133927013,1.3545574375067595,0.4435502921402876,7.003409845031204
37,Bobby Portis,NYK,12.71,14.225961538461537,1.1272552724612948,1.0367207634927298,0.7606923886183047,11.92978835073459
38,Bogdan Bogdanovic,SAC,21.05,24.12019407483643,1.1603197364160611,1.067129684305154,0.9063640692933187,27.069626593930664
39,Bojan Bogdanovic,UTA,22.97,26.519974432726112,1.1692783083686138,1.075368756484587,0.9245557121458733,31.39056419791536
40,Bol Bol,DEN,6.91,8.326530612244897,1.2296564195298372,1.1308976531156398,0.5404216941438097,5.938591411875212
41,Brad Wanamaker,BOS,11.55,13.689696071163823,1.201681940869185,1.1051699199358616,0.7273301535832639,13.11112158658977
42,Bradley Beal,WAS,41.69,47.8804318488529,1.169777553870684,1.0758279055262647,0.9908183924859636,63.6143340504014
43,Brandon Clarke,MEM,11.76,16.13736263736264,1.3922279897766303,1.2804124316630645,0.7336970544623602,25.825015975966423
44,Brandon Goodwin,ATL,10.36,9.932247899159664,0.9726279624753128,0.8945122089782968,0.6882664159402752,5.365717275084326
45,Brandon Ingram,NOP,31.6,36.56794425087108,1.1741618210770028,1.079860054194389,0.9714278953144857,47.35222722033068
46,Brandon Knight,DET,13.96,15.198356164383563,1.1014578620987625,1.0129952492986076,0.7920886121289447,12.471771025775084
47,Brook Lopez,MIL,13.4,15.897495631916131,1.189408616066254,1.0938823163458542,0.7785675187633784,16.047541890846468
48,Bruce Brown,DET,17.25,20.169291338582674,1.1981429981131908,1.1019152042334097,0.8564112666812592,23.460692342450923
49,Bruno Caboclo,HOU,3.83,4.205555555555557,1.0974831825562517,1.0093397926237822,0.3500854055192091,1.492188750225308
50,Bruno Fernando,ATL,5.03,6.739477040816326,1.3752030108064213,1.264754798802404,0.43216627269549346,4.826805856483848
51,Bryn Forbes,SAS,13.52,15.72359058565955,1.1742368502804077,1.0799290574937643,0.7815370388433149,15.315830235883519
52,Buddy Hield,SAC,24.58,27.80314009661836,1.1420472415945104,1.0503247287240167,0.9370555276298773,30.79872982757988
53,CJ McCollum,POR,30.62,34.67100085543199,1.1451212889875622,1.0531518867229135,0.9680972905588542,40.52635103129681
54,CJ Miles,WAS,8.28,9.108333333333334,1.1000402576489534,1.0116914984948273,0.6060711620866276,5.66473782350151
55,Caleb Martin,CHA,8.79,10.132478632478634,1.1748558063940695,1.080498302695273,0.6280386157823603,7.667617693284571
56,Caleb Swanigan,POR,4.09,5.486111111111112,1.3529868469126778,1.2443229064382968,0.3688217618082812,3.0669056300574344
57,Cam Reddish,ATL,14.66,14.629860601614087,1.0060370801641099,0.9252381029653106,0.8078349221587112,9.670462486792948
58,Cameron Johnson,PHX,9.79,12.330209084354722,1.2684484511410252,1.166574137060199,0.6676197059876269,12.509128331159252
59,Cameron Payne,PHX,16.51,19.658653846153847,1.209019301731479,1.1119179871580889,0.84394464385185,23.154727360697947
60,Caris LeVert,BKN,29.48,31.11050505050505,1.0722173329397149,0.9861031473450634,0.9637313894297158,28.583562542311046
61,Carmelo Anthony,POR,18.12,19.46432818073722,1.0763615370149484,0.9899145133398881,0.8698003211022478,16.430711690723122
62,Carsen Edwards,BOS,5.09,5.016632016632017,0.9960044248518171,0.9160112114800222,0.43598659085099145,1.9101109838032937
63,Cedi Osman,CLE,15.91,18.101782363977485,1.1486351025601709,1.0563834914700903,0.8330462294799046,17.754365757495826
64,Chandler Hutchison,CHI,10.26,10.740476190476189,1.0614617158454516,0.9762113581131058,0.6847392884056951,6.950597409860551
65,Chandler Parsons,ATL,5.6,4.933333333333334,0.8809523809523808,0.8101994706022095,0.4674388158642254,1.7033614234593044
66,Charles Brown Jr.,ATL,2.42,2.5,1.0330578512396695,0.9500887247401387,0.23835510054079423,0.569249640683566
67,Chasson Randle,GSW,4.55,6.333333333333332,1.5031645569620251,1.38243922669467,0.400657290955188,5.140212235242183
68,Cheick Diallo,PHX,4.49,6.029459901800327,1.367950450784975,1.2580847217165867,0.3965976714575168,3.801950935204581
69,Chimezie Metu,SAS,3.54,4.847222222222221,1.4136422553467272,1.3001068294572689,0.3285302690233408,2.5573456425954473
70,Chris Boucher,TOR,5.24,8.035714285714286,1.5422680959456594,1.4184021995729121,0.44542531510544914,8.559800021867105
71,Chris Chiozza,BKN,12.94,13.713541666666668,1.0995966972126767,1.011283562222196,0.7668056000746282,10.830936382577026
72,Chris Clemons,HOU,6.6,7.223615464994777,1.1044260116050204,1.0157250145057106,0.5241096240811555,3.905536334571391
73,Chris Paul,OKC,30.27,36.58251183514341,1.2324695000673989,1.1334848035809464,0.9668159435005638,57.186113829194134
74,Chris Silva,MIA,2.8,4.318181818181818,1.5548281505728316,1.4299535045352398,0.27023210255878305,2.1887074877659876
75,Christian Wood,DET,11.64,15.950704225352116,1.3919373690629306,1.280145151894627,0.7300772557562853,25.2988993990383
76,Clint Capela,ATL,11.53,18.265734265734263,1.6089159733572056,1.4796973117300747,0.726715899606007,53.48176598170118
77,Coby White,CHI,20.13,20.96602564102564,1.0549882847174912,0.9702578348736506,0.8961524841595078,17.163002872078053
78,Cody Martin,CHA,9.53,10.965090090090092,1.1918576184880534,1.096134629306857,0.657753086330517,9.079381954494597
79,Cody Zeller,CHA,11.19,15.456062291434927,1.3925245633515997,1.2806851861939905,0.7160593023650499,23.867684323409996
80,Collin Sexton,CLE,27.27,30.18769230769231,1.1248050995138952,1.0344673740158539,0.9534931165921756,32.370792211960726
81,Corey Brewer,SAC,2.26,1.8,0.7950530035335689,0.7311990256127285,0.22452008847399152,0.34507238988578176
82,Cory Joseph,SAC,13.89,16.09712084347121,1.1865199638922268,1.0912256637131426,0.7904446955287585,16.394799114310704
83,Courtney Lee,DAL,4.92,6.236111111111112,1.2675022583559168,1.165703936910727,0.42509502200501037,3.590213018593173
84,Cristiano Felicio,CHI,3.23,6.596590909090909,2.040565241844769,1.876679051465402,0.30469741800084227,10.50675519925864
85,D'Angelo Russell,MIN,36.57,40.526384588923285,1.1344443171648635,1.0433324264371788,0.9836659014161699,46.800733637746255
86,D.J. Augustin,ORL,21.38,24.173321234119783,1.1572593817987196,1.064315119358812,0.9097768724500769,26.992347503960815
87,D.J. Wilson,MIL,5.54,5.500500500500501,1.0029495294624409,0.9223985261640704,0.4638315378675246,2.2351474625799255
88,DaQuan Jeffries,SAC,5.05,5.153846153846153,1.0207190737355272,0.9387409252246562,0.4334425786529733,2.020405341607079
89,Damian Jones,ATL,4.4,7.463636363636364,1.7323598919648886,1.593226941330353,0.39045662597952424,9.602426851117865
90,Damian Lillard,POR,42.07,52.27092918715957,1.261880862041512,1.1605340180632948,0.9912026688350353,97.78267193953513
91,Damion Lee,GSW,17.29,20.477782602402662,1.1953342079454523,1.0993319995606734,0.8570560230206826,23.688878182709388
92,Damyean Dotson,NYK,9.07,10.461693548387096,1.1664064162468193,1.0727275178353548,0.6395738185574456,7.936806525326578
93,Daniel Gafford,CHI,3.85,6.410147991543339,1.6766202167662019,1.5419639487850656,0.3515462026309385,6.167992901196743
94,Daniel Theis,BOS,9.4,14.34846153846154,1.5488408396439486,1.4244470591815561,0.6527104809531945,29.008718797200032
95,Danilo Gallinari,OKC,19.44,24.219054763690924,1.2564273004793138,1.1555184544685715,0.8877693966805404,35.2955005994659
96,Danny Green,LAL,10.12,11.75435174069628,1.1735023466751042,1.0792535448950824,0.6797341636331968,9.713032012465655
97,Dante Exum,CLE,6.83,7.732225913621262,1.1471172727057652,1.0549875647763294,0.5362664396593319,4.640137569032786
98,Danuel House Jr.,HOU,12.44,14.579365079365079,1.1888428682371213,1.093362006052621,0.7533112123868128,14.104640263643676
99,Dario Saric,PHX,12.23,15.70971074380165,1.2987785713634996,1.1944683205357964,0.7474132563745477,20.060687088119533
100,Darius Bazley,OKC,7.4,7.76820434616851,1.0547107930828865,0.9700026297339469,0.565072516578279,4.127789561662803
101,Darius Garland,CLE,23.25,23.722644067796608,1.0362454467379396,0.9530203113287355,0.926895377486268,18.949121267234187
102,Daryl Macon,MIA,1.75,1.75,1.0,0.9196858855484542,0.17872146589856086,0.2990166564378922
103,David Nwaba,HOU,5.19,6.465000000000002,1.2691401648998824,1.1672102964410596,0.442296756222444,3.9067685916608927
104,Davis Bertans,WAS,15.79,20.16147455867082,1.2996843975840706,1.1953013961256151,0.8307768627581701,30.114919730719848
105,De'Aaron Fox,SAC,35.93,40.996610346266166,1.1586867838156003,1.0656278808467408,0.9824463583379436,51.39229682945612
106,De'Andre Hunter,ATL,16.93,17.525121343303162,1.0441880198117,0.9603249836796101,0.8511474111288808,13.314459605441918
107,De'Anthony Melton,MEM,13.95,15.668760907504366,1.14476359462552,1.052822920266803,0.7918545588316177,14.348460127600438
108,DeAndre Jordan,BKN,8.44,13.323891625615767,1.6161365686936466,1.4863379913462567,0.6130990813724649,28.78144425208829
109,DeAndre' Bembry,ATL,11.07,11.179474216380184,1.0335341230313635,0.9505267451846445,0.7121997574853416,7.0656867917935315
110,DeMar DeRozan,SAS,31.95,38.943014705882355,1.2302898106335136,1.131480173973723,0.9725311595368261,61.297540587057846
111,DeMarre Carroll,HOU,5.23,6.5,1.2532133676092545,1.1525626457708777,0.44480101051615906,3.8467975815512014
112,Dean Wade,CLE,1.54,2.2916666666666665,1.4913232104121474,1.3715489074068594,0.15908593760879075,0.4961318596395868
113,Deandre Ayton,PHX,18.06,23.542105263157893,1.319157720891825,1.2132107367164786,0.868918419734187,40.11589144231266
114,Dejounte Murray,SAS,19.23,22.254524769883133,1.1777146755927763,1.083127564345953,0.8850861326051336,25.492443444356386
115,Delon Wright,DAL,13.79,16.88534505040062,1.250132037200046,1.1497287896848174,0.7880736700050015,20.317503122243632
116,Dennis Schroder,OKC,27.32,30.960934628511414,1.1533783904846533,1.060745826425329,0.9537540071730173,36.37568415700018
117,Dennis Smith Jr.,NYK,14.98,14.136317135549872,0.9762649955490242,0.8978571369614621,0.8146304318615617,8.786143020091849
118,Denzel Valentine,CHI,10.1,10.558823529411764,1.0691878011330544,0.9833169297026577,0.6790126883166077,6.893128450026096
119,Deonte Burton,OKC,4.65,3.998650472334683,0.8704363050962973,0.8005279840660127,0.40736271949092684,1.2354632651801716
120,Derrick Favors,NOP,8.53,14.030525846702318,1.6709247575700967,1.5367259153506905,0.6169970421050985,35.72903980476881
121,Derrick Jones Jr.,MIA,8.73,11.531405782652044,1.336331201242282,1.2290049442005377,0.6255191529358743,12.626970141190188
122,Derrick Rose,DET,29.64,33.82236842105263,1.161354810633881,1.068081627453778,0.964378442509271,41.45359573337503
123,Derrick Walton Jr.,DET,4.19,5.204244031830238,1.2650555799138576,1.1634537612810893,0.37588336530430655,2.5615457214791144
124,Derrick White,SAS,17.48,20.982595285305127,1.2270101470544088,1.128463913670673,0.8600792999897486,26.681417959472963
125,Devin Booker,PHX,39.49,45.71084919057086,1.1776983994390642,1.0831125953971128,0.9882397537201048,62.06548038703246
126,Devon Hall,OKC,6.14,5.440559440559441,0.8863470652570178,0.8151608856141739,0.498831562456877,1.984366013328425
127,Devontae Cacok,LAL,6.0,8.0,1.3333333333333333,1.2262478473979388,0.49087493966916573,6.286125010363843
128,Devonte' Graham,CHA,33.94,38.859879584017506,1.172765968131133,1.0785763079417714,0.978041443982749,50.67057867767378
129,Dewan Hernandez,TOR,2.87,3.6666666666666665,1.2790697674418603,1.1763424117480226,0.2759569758275062,1.2723828075782702
130,Dewayne Dedmon,ATL,7.34,7.168181818181817,0.9861180590295148,0.9069188603738821,0.5621265558364092,3.3544449526518094
131,Dillon Brooks,MEM,21.21,22.294317905487556,1.064188794431899,0.978719413797843,0.9080345886864827,18.94986929830803
132,Dion Waiters,LAL,16.45,17.917391304347824,1.1095734025481685,1.0204589973035239,0.842887610276611,16.020836709565863
133,Domantas Sabonis,IND,24.42,31.984064709871163,1.3297738875110727,1.2229742753148314,0.9359121633988591,64.82316596828507
134,Donovan Mitchell,UTA,32.66,37.045848989085705,1.149519526301857,1.0571968835021628,0.974640079378219,44.392625593034246
135,Donta Hall,BKN,3.32,5.666666666666668,1.7045454545454544,1.5676463958212286,0.3117024728648774,4.728154389687383
136,Donte DiVincenzo,MIL,13.42,16.077550654473733,1.2184997740058636,1.120637043697174,0.7790652271265702,17.51090162343572
137,Dorian Finney-Smith,DAL,10.67,14.314920774647886,1.366956336077039,1.257170448451082,0.6989516920487622,19.836766060928326
138,Doug McDermott,IND,10.76,13.529300567107748,1.2813947992236792,1.178480710661213,0.7019847023791135,15.118678117827125
139,Dragan Bender,GSW,9.38,11.328125,1.2400793650793651,1.1404834890233808,0.6519281283346798,10.38602947256024
140,Draymond Green,GSW,21.55,24.92433785529716,1.184878750915157,1.0897162633029525,0.9114861486658383,30.316115722986684
141,Drew Eubanks,SAS,4.43,6.863636363636362,1.5821458507963118,1.4550772078564185,0.3925105543191516,6.472951982747008
142,Duncan Robinson,MIA,13.57,17.656403167022752,1.3103015525299495,1.205065843674021,0.782762554824009,24.90171958118957
143,Dwayne Bacon,CHA,10.47,10.25287356321839,0.9938906068938088,0.9140671629394231,0.6921006953532258,5.809651172654833
144,Dwight Howard,LAL,5.44,9.2540857230959,1.7111478049459137,1.5737184842959762,0.457765029019384,15.183767015984381
145,Dwight Powell,DAL,8.4,13.587890625,1.6428352829162132,1.5108924219790427,0.6113539443944311,31.503844296737118
146,Dzanan Musa,BKN,7.91,8.190000000000001,1.0419847328244276,0.9582986517356031,0.5893262609948511,4.421346235758841
147,E'Twaun Moore,NOP,11.07,12.205574912891985,1.1099580953588035,1.0208127938517368,0.7121997574853416,9.157446175615283
148,Ed Davis,UTA,1.86,3.071428571428572,1.6810007818608288,1.5459926926733203,0.18882307681450305,1.0702365979002482
149,Edmond Sumner,IND,8.73,9.57508342602892,1.1085583590039458,1.019525476082685,0.6255191529358743,6.25951168248792
150,Elfrid Payton,NYK,26.46,28.904419889502762,1.129235740230956,1.038542171747271,0.949055660867147,31.229474531338145
151,Elie Okobo,PHX,8.88,9.663127272727273,1.1113081298093006,1.022054401480863,0.6317860632551646,6.418209992801332
152,Emmanuel Mudiay,UTA,12.62,14.145584045584044,1.1443275684047496,1.0524219131058314,0.7582568678136791,12.324093482500649
153,Enes Kanter,BOS,6.51,10.798275862068962,1.676571367384088,1.5419190226978177,0.5192663142316296,20.358181622370942
154,Eric Bledsoe,MIL,25.95,30.02875571083042,1.1854785901529006,1.0902679269835034,0.9460469684102283,38.62106696929416
155,Eric Gordon,HOU,18.81,19.612599206349206,1.0458813346989562,0.9618823014812087,0.8795256122942275,15.399803487827699
156,Eric Paschall,GSW,17.12,20.124879227053142,1.188149676883525,1.0927244877487343,0.8542956557295261,22.710645667817758
157,Ersan Ilyasova,MIL,6.89,8.965986394557824,1.3219835771792336,1.2158096368585967,0.5393863842041777,7.763863648545498
158,Evan Fournier,ORL,24.75,27.78826728826729,1.1399960473804334,1.0484382743568115,0.9382480100061547,30.627904019706403
159,Evan Turner,MIN,9.75,9.149885583524027,0.9813040533244328,0.9024914872739686,0.666120487159436,4.911591543282571
160,Frank Jackson,NOP,8.85,9.325828484695167,1.0663253499942151,0.9806843737921951,0.6305411279808103,5.632104748411575
161,Frank Kaminsky,PHX,12.68,14.901551123773348,1.1894402247792888,1.0939113864330927,0.7598832870143178,14.593456381987432
162,Frank Mason,MIL,13.61,15.491039426523301,1.157199160347856,1.0642597345404456,0.7837380158974516,14.478572101728208
163,Frank Ntilikina,NYK,14.0,15.088084795321636,1.105482072771522,1.0166962590548179,0.7930221964170001,12.519824466551604
164,Fred VanVleet,TOR,31.58,36.80037986704653,1.188443719840988,1.0929949149064582,0.9713635298220328,49.9862315809356
165,Furkan Korkmaz,PHI,11.57,13.281835205992511,1.1621282991827009,1.0687929939547611,0.7279430269169048,11.551217583263368
166,Gabe Vincent,MIA,5.22,4.0,0.7826086956521741,0.7197541712987904,0.4441760031248283,1.2047315444110964
167,Garrett Temple,BKN,15.78,17.42880320671884,1.1194532144212748,1.0295453208350938,0.8305863622105041,15.75164845369134
168,Garrison Mathews,WAS,4.89,7.1805555555555545,1.503606328524895,1.382845517765678,0.4231512621005509,6.462937526619981
169,Gary Clark,ORL,4.03,5.052910052910052,1.2602269728160465,1.1590129594863734,0.3645465058593893,2.383234263682428
170,Gary Harris,DEN,14.78,16.674915635545553,1.14088954597614,1.04926001240404,0.8104119517531296,15.522738915437218
171,Gary Payton II,WAS,6.33,8.068965517241379,1.2891141472014105,1.1855800860419696,0.5094313164784555,6.056069282323037
172,Gary Trent Jr.,POR,9.21,11.54610655737705,1.260401753758053,1.1591737030517997,0.6452065704920882,10.996288997027152
173,George Hill,MIL,13.26,18.025596679349707,1.3875974689233763,1.276153806991589,0.7750520245818535,31.048399118101234
174,Georges Niang,UTA,6.64,7.797385620915032,1.1924818124487722,1.0967086916823747,0.526246514139675,5.004923768743526
175,Giannis Antetokounmpo,MIL,37.82,45.95704948646125,1.2253864622928516,1.1269706337128886,0.9858088713243222,73.65712528932038
176,Glenn Robinson III,PHI,13.06,16.541027247103035,1.277394859897848,1.1748020229201959,0.7699328533540022,20.798045052083143
177,Goga Bitadze,IND,3.79,4.3086419753086425,1.143212788259958,1.051396665541177,0.34715393149889484,1.6123728544411708
178,Goran Dragic,MIA,27.65,31.404734073641144,1.169569831808834,1.075636866477864,0.9554395617364866,38.942727024265054
179,Gordon Hayward,BOS,24.15,28.998859191655804,1.2241765529843334,1.1258578971990507,0.9339354455940352,41.37613862979955
180,Gorgui Dieng,MEM,8.82,10.705695611577966,1.2410916081433312,1.1414144346820547,0.6292919835669243,9.420403353061852
181,Grant Williams,BOS,5.03,6.142381511946728,1.2437619565803626,1.1438703164490889,0.43216627269549346,3.446719340868374
182,Grayson Allen,MEM,10.65,12.789473684210524,1.2095569935291188,1.1124124947151535,0.6982735088065166,11.893298222736266
183,Hamidou Diallo,OKC,8.62,9.265569917743832,1.077065137511918,0.9905616047860158,0.6208557315485166,5.632965754669625
184,Harrison Barnes,SAC,17.27,20.662734270414997,1.2031871663673328,1.1065542545810758,0.8567340075593534,24.444021190028007
185,Harry Giles III,SAC,8.16,10.11220196353436,1.2452117205337312,1.145203643894379,0.6007165720542658,8.50007211254805
186,Hassan Whiteside,POR,12.41,18.975417032484643,1.5426045199675675,1.4187116039974204,0.7524771549467215,48.964146706729174
187,Henry Ellenson,BKN,1.4,1.0,0.7142857142857143,0.6569184896774672,0.1457354640152636,0.1457354640152636
188,Ian Mahinmi,WAS,8.44,10.739422084623325,1.2804280848885738,1.1775916371318593,0.6130990813724649,10.03702867386773
189,Ignas Brazdeikis,NYK,3.13,2.888888888888889,0.9219858156028368,0.8479373412858087,0.29683037701701287,0.7297586071235858
190,Iman Shumpert,BKN,7.47,7.18974358974359,0.9934807256235828,0.9136902009204456,0.5684844297802769,3.4473804541217077
191,Isaac Bonga,WAS,7.23,8.795110192837466,1.2472653045278743,1.1470922961085805,0.556673704507757,6.74112857873906
192,Isaiah Hartenstein,HOU,4.19,6.625603864734299,1.5821105574012548,1.4550447490191316,0.37588336530430655,5.888069251397221
193,Isaiah Thomas,WAS,20.84,22.446706586826352,1.1051502430617075,1.016391079954296,0.9041253757320149,21.356404552769934
194,Ish Smith,WAS,22.6,25.224761526232115,1.1428825083178644,1.0510929117401537,0.9213487696312086,27.407823953968496
195,Ivica Zubac,LAC,6.42,11.489179586563306,1.8060015069263784,1.660954095199429,0.5143737122520555,29.67359409618226
196,J.J. Barea,DAL,16.06,18.250783699059557,1.1589575354136972,1.06587688727,0.8358401889454407,18.471155630767385
197,JJ Redick,NOP,17.41,21.18004694835681,1.2441774201110325,1.144252412394206,0.8589729730886019,28.26015726971609
198,JR Smith,LAL,5.81,4.333333333333333,0.7674144037780403,0.7057801955212459,0.4798742366340908,1.3507776271029732
199,Ja Morant,MEM,33.26,38.21594275811951,1.173170539007206,1.0789483860661997,0.9762955252092106,49.74409479290539
200,JaKarr Sampson,IND,4.41,6.03641456582633,1.369349447812218,1.2593713595364664,0.3911420391970918,3.7637890970252563
201,JaMychal Green,LAC,7.32,9.433962264150944,1.3001829336749855,1.195759892731866,0.5611401412836186,8.21431761273942
202,JaVale McGee,LAL,5.43,8.123027259684362,1.5129994895873138,1.391484275415468,0.4571546156880918,8.43181902891359
203,Jabari Parker,SAC,15.54,18.99217638691323,1.2344394887498336,1.1352965743668717,0.8259494543642099,23.3622672351492
204,Jacob Evans,MIN,8.16,7.470643056849951,0.9388483647454008,0.863445589726592,0.6007165720542658,3.4100968598727914
205,Jae Crowder,MIA,14.28,17.196542783059638,1.226976159054749,1.1284326553871078,0.7994409566312989,19.81064088234339
206,Jahlil Okafor,NOP,8.74,11.591452991452991,1.336036536589787,1.228733945278668,0.6259402454015517,12.70794157054152
207,Jake Layman,MIN,10.48,11.195652173913043,1.0725591469510165,0.9864175088667402,0.6924469188741096,7.502174824657583
208,Jakob Poeltl,SAS,6.53,10.122895622895623,1.5875656095216972,1.4600616834592335,0.5203468475596165,15.27917434217056
209,Jalen Brunson,DAL,14.88,18.028834462393604,1.2321865280053184,1.1332245581694464,0.8125330572401317,21.534481798731765
210,Jalen Lecque,PHX,2.98,3.2,1.075268817204301,0.9889095543531765,0.28486260359311544,0.8998768497398623
211,Jalen McDaniels,CHA,6.47,8.234375,1.3112062101910829,1.2058978445562185,0.5170979396136606,6.572488335073896
212,Jamal Crawford,BKN,9.0,12.0,1.3333333333333333,1.2262478473979388,0.6367239959051982,13.405866713016124
213,Jamal Murray,DEN,28.21,32.839481555334004,1.1796939915761726,1.084947913318923,0.9581605078362039,42.33009661398175
214,James Ennis III,ORL,7.36,9.184625078764963,1.262126843055012,1.1607602433295237,0.5631107532493758,7.387155549332356
215,James Harden,HOU,47.5,56.20922340313585,1.2008253821593584,1.1043821549802904,0.9952244093828356,85.187778064297
216,James Johnson,MIN,13.5,15.501488095238097,1.1751341302179923,1.0807542731877466,0.7810448988265977,15.106961742924026
217,Jared Dudley,LAL,2.58,3.2172043010752684,1.2825495530509134,1.1795427214574035,0.2519432879561214,0.9997594770082215
218,Jaren Jackson Jr.,MEM,18.26,21.41527599486521,1.177299035248753,1.08274530578809,0.8718350858639693,24.058533766074923
219,Jarred Vanderbilt,MIN,1.35,1.3636363636363635,1.0080645161290325,0.9271027072061032,0.140916244935692,0.18786266301983984
220,Jarrell Brantley,UTA,5.65,6.0606060606060606,1.0720411663807892,0.9859411294473138,0.47042633483952534,2.7797541658280185
221,Jarrett Allen,BKN,9.21,15.802197802197805,1.7343271341389876,1.5950361861913276,0.6452065704920882,52.686161757207536
222,Jarrett Culver,MIN,14.63,14.69722814498934,1.03169471535224,0.9488350679043852,0.8071852099668845,10.339204127302052
223,Jarrod Uthoff,WAS,3.13,2.8571428571428568,0.9578544061302684,0.8809251777284046,0.29683037701701287,0.748428441015169
224,Javonte Green,BOS,4.03,4.843390804597702,1.2205100725571696,1.1224858869005485,0.3645465058593893,2.1420203801144724
225,Jaxson Hayes,NOP,6.48,10.196428571428571,1.6010093929622875,1.4724257413379145,0.5176409484774863,15.808604627832128
226,Jaylen Brown,BOS,23.1,26.22456140350877,1.1455108359133126,1.053510147532285,0.9256511548550737,28.911516187604022
227,Jaylen Hoard,POR,3.06,3.978021978021978,1.4083411142234672,1.2952314447889062,0.2912705458417949,1.7418243411208632
228,Jaylen Nowell,MIN,5.5,6.7333333333333325,1.2245392822502423,1.1261914941851827,0.4614131217700852,3.9521703107602484
229,Jayson Tatum,BOS,28.15,32.21043771043771,1.1542953808879135,1.061589169556391,0.9578771100145611,38.21049657143597
230,Jeff Green,HOU,10.31,12.573863636363635,1.2316248766334472,1.1327080153301377,0.6865078126356066,12.078765373668956
231,Jeff Teague,ATL,22.57,25.94178334561533,1.1821957683684805,1.087248762123601,0.9210828489767025,31.74448298449989
232,Jerami Grant,DEN,12.5,15.526881720430108,1.2495563589845595,1.1491993465554167,0.7549709053722051,17.649136055026222
233,Jeremiah Martin,BKN,10.68,14.128654970760234,1.3362536227074624,1.2289335963170425,0.6992902118296189,18.115694393070488
234,Jeremy Lamb,IND,16.1,18.37950310559006,1.1559435915465448,1.0631050056355447,0.8365773155737606,18.476752422319635
235,Jeremy Pargo,GSW,13.48,15.666666666666664,1.191683569979716,1.0959745593503383,0.7805516501469073,15.92449256258403
236,Jerian Grant,WAS,8.51,8.5,1.0183706070287541,0.9365810735417566,0.6161342364326717,4.572476866284552
237,Jerome Robinson,WAS,8.76,9.032066698733367,1.0535850281813846,0.9689672796435898,0.626781010347857,5.28740151651605
238,Jevon Carter,PHX,7.46,9.168335187245088,1.2545141097957324,1.153758920000519,0.5679986572447175,7.321474206814611
239,Jimmy Butler,MIA,30.16,36.820907900480144,1.2532938135139953,1.152636630734018,0.9664027014348827,61.70154159079961
240,Joakim Noah,LAC,5.3,6.4,1.2539184952978055,1.1532111417535476,0.44915642799185596,3.8202637508270616
241,Joe Chealey,CHA,3.47,1.0,0.2881844380403458,0.26503916010041906,0.3232210829870299,0.3232210829870299
242,Joe Harris,BKN,17.47,21.185962251432425,1.2418289742675908,1.1420925798990178,0.8599217862453741,28.114395831611194
243,Joe Ingles,UTA,20.34,24.602020202020203,1.267637154738546,1.1658279992098426,0.8985773464924196,37.600025227471974
244,Joel Embiid,PHI,25.58,31.203098523359962,1.229417509804819,1.1306779312136204,0.9437535638898644,46.16522900313535
245,John Collins,ATL,18.46,26.192835365853657,1.4261703187250996,1.3116287125196144,0.8746868539257289,63.384271514094074
246,John Henson,DET,7.06,9.124152542372881,1.3164265679372211,1.2106989338928555,0.5481127043785705,7.968451797055791
247,John Konchar,MEM,3.94,6.717105263157895,1.7511663007683864,1.610522930064784,0.3580792639843158,7.694404234953687
248,Johnathan Motley,LAC,2.24,3.7692307692307687,1.6850068775790925,1.5496770423615633,0.22277313469014837,1.7412793058392748
249,Johnathan Williams,WAS,2.71,4.425,1.6300343811394893,1.4991196132926976,0.2628049886174254,2.4430641111259614
250,Jonas Valanciunas,MEM,14.26,20.16,1.4268958543983823,1.3122959774377945,0.7989891494671294,41.154615991470244
251,Jonathan Isaac,ORL,12.97,15.82525951557093,1.228781455031999,1.1300929606166221,0.7675913761277577,17.398348634477454
252,Jordan Bell,CLE,3.92,4.8965517241379315,1.2719455392332495,1.1697903596191372,0.35663318415420997,2.2869087051778907
253,Jordan Bone,DET,3.8,3.675,0.9671052631578948,0.8894330603659393,0.3478880372958887,1.1071285848593666
254,Jordan Clarkson,UTA,18.4,20.58871348898761,1.1300236995347257,1.0392668467973345,0.8738380512566709,20.260130532153923
255,Jordan McLaughlin,MIN,16.51,19.3768115942029,1.2056254102913702,1.1087966731035372,0.84394464385185,22.576068344762188
256,Jordan McRae,DET,16.73,18.417879417879423,1.1208986421171432,1.0308746602855647,0.8477599528122466,17.083480885335472
257,Jordan Poole,GSW,15.55,15.683829138062546,1.0131672569807848,0.9317956259450714,0.826145168975488,10.739236526837745
258,Josh Gray,NOP,6.5,3.5,0.5384615384615384,0.495215476833783,0.5187251351002587,0.9646465346105135
259,Josh Hart,NOP,12.98,15.132040133779267,1.1756904239728092,1.0812658887022706,0.767852712645335,14.489747751118893
260,Josh Jackson,MEM,12.09,13.270334928229664,1.1100660396237745,1.0209120686686564,0.7434031526057303,10.413292456287977
261,Josh Magette,ORL,4.36,3.0,0.7299270072992702,0.6713035660937623,0.38770724847612603,0.8105823076649953
262,Josh Okogie,MIN,11.61,13.273020527859238,1.16062178823095,1.0674074770960116,0.7291646440593187,11.521046438270263
263,Josh Reaves,DAL,2.97,3.75,1.2626262626262623,1.1612195524601692,0.28405754780764503,1.3182041221584473
264,Josh Richardson,PHI,20.75,22.83854545454545,1.1135420729761356,1.0241089274805186,0.903149624728141,22.242530038273667
265,Jrue Holiday,NOP,33.2,37.802981974630974,1.1581563274466566,1.0651400276113239,0.9761349640701652,46.75155056157569
266,Juan Toscano-Anderson,GSW,10.94,11.497435897435894,1.0815243608297156,0.9946626895319028,0.7079593597124616,8.034309687980137
267,Juancho Hernangomez,MIN,6.98,8.103658536585368,1.163761398265012,1.0702949321304647,0.5440269877821107,5.107134035123289
268,Julius Randle,NYK,26.01,28.350456957547173,1.0990679184937844,1.0107972518978523,0.9464099580253486,27.817815442228397
269,Justin Anderson,BKN,5.18,5.0,0.9850275807722616,0.9059159629121889,0.44166892970234506,1.898038132367853
270,Justin Holiday,IND,9.94,11.856970185334408,1.2080711583427477,1.1110459930659968,0.6731820665484012,10.504291009498974
271,Justin Jackson,DAL,6.92,7.968131868131867,1.1612748238308777,1.0680080647200259,0.5409384761461525,4.963681401466755
272,Justin James,SAC,3.42,3.7993827160493834,1.1098488946590213,1.020712363509455,0.3194031252793964,1.247554224850142
273,Justin Patton,DET,2.2,2.6,1.181818181818182,1.0869015011027188,0.21926741196458577,0.61945426213323
274,Justin Robinson,WAS,2.67,3.1587301587301586,1.1845238095238095,1.0893898287151333,0.2594798316781515,0.9083798117977063
275,Justin Wright-Foreman,UTA,9.44,9.892857142857142,1.0479721549636802,0.9638051993678941,0.6542699147182633,5.957351377202164
276,Justise Winslow,MEM,22.63,22.799313893653515,1.0454912991086738,0.9615235912539645,0.9216137942346843,18.63042623118588
277,Jusuf Nurkic,POR,21.8,27.78214285714286,1.2967161193532255,1.1925715125323262,0.9139411395844328,48.16284348412168
278,Juwan Morgan,UTA,1.66,2.380952380952381,1.4384349827387803,1.3229083509039905,0.17036301484617822,0.5367622651371672
279,KZ Okpala,MIA,1.78,2.4,1.5228426395939088,1.4005368815458694,0.18148886084995264,0.6185144375455609
280,Kadeem Allen,NYK,8.98,10.342857142857143,1.1512530212441163,1.0587911543332285,0.6359056299095092,7.545448928497618
281,Karl-Anthony Towns,MIN,29.36,37.65911330049261,1.3096349166539896,1.2044527480681004,0.9632383980009188,76.17191031869926
282,Kawhi Leonard,LAC,35.24,41.5606212984691,1.1995439793874758,1.1032036669372873,0.9810293411619767,59.898776181873906
283,Keita Bates-Diop,DEN,7.23,8.614369501466275,1.1956853566703978,1.099654946086734,0.556673704507757,5.943247967230217
284,Kelan Martin,MIN,8.15,8.575268817204302,1.0564033275049014,0.9715592297526789,0.6002670843959148,4.842280998490859
285,Keldon Johnson,SAS,8.67,11.926470588235292,1.3852828641705384,1.2740250976697804,0.6229826246269393,14.654775356201492
286,Kelly Olynyk,MIA,10.6,13.094723234222586,1.2551451454834242,1.1543392746157664,0.6965713591773086,13.56668600941989
287,Kelly Oubre Jr.,PHX,20.59,23.143633540372672,1.1306911975335614,1.0398807352854955,0.9013903716805437,23.646071149825428
288,Kemba Walker,BOS,28.47,34.02428324270885,1.2109209278743267,1.113666885881256,0.9593666965243668,48.74020002446022
289,Kendrick Nunn,MIA,22.4,24.50078237843043,1.1144279832687296,1.0249236866724796,0.9195588930395628,24.399615776082864
290,Kenrich Williams,NOP,6.78,8.462759462759463,1.2770763776799994,1.1745091193196424,0.5336503488259985,6.555836237358665
291,Kent Bazemore,SAC,13.07,12.519230769230768,0.9699522517406028,0.8920513955817735,0.7701915569507604,7.339972341011335
292,Kentavious Caldwell-Pope,LAL,11.29,13.776167471819644,1.2298876352804518,1.1311102989779964,0.7192360225080434,13.974983739736885
293,Kevin Hervey,OKC,3.1,2.8,0.9032258064516128,0.8306840256566682,0.2944529529704253,0.6925688395861614
294,Kevin Huerter,ATL,19.82,22.702274183215884,1.1555840552829495,1.0627743452085732,0.8924665661502431,24.648340584869146
295,Kevin Knox II,NYK,8.71,8.887782805429865,1.0326502973561795,0.9497139031858925,0.6246755453542567,4.974355495960876
296,Kevin Love,CLE,21.56,25.598262032085557,1.1962203960385789,1.100147014241863,0.9115856798333122,32.2876212101641
297,Kevin Porter Jr.,CLE,14.99,15.732881355932205,1.0624008262608855,0.9770750447071519,0.8148388743736981,12.034920665223018
298,Kevon Looney,GSW,5.26,6.316666666666667,1.2473670352817272,1.1471858564470252,0.446671819038138,3.7008119584287047
299,Khem Birch,ORL,4.8,7.248820754716982,1.5298249922019658,1.406958452687422,0.4172804621950882,6.7731155643542635
300,Khris Middleton,MIL,27.53,33.16241560390098,1.2305310779001846,1.1317020640735251,0.9548338612758974,50.21647312244548
301,Khyri Thomas,DET,4.22,3.125,0.7405213270142179,0.6810470124025875,0.37798639996577643,0.8212819970501509
302,Kostas Antetokounmpo,LAL,0.98,2.8,2.8688524590163933,2.638443114278352,0.10439880542986102,1.5794160904813286
303,Kris Dunn,CHI,15.43,17.027596223674653,1.1266897703661418,1.0362006791975695,0.8237819976214615,15.54297782277769
304,Kristaps Porzingis,DAL,21.52,25.436444885799407,1.1859743468332349,1.0907238674050732,0.9111868823839344,31.086534670321797
305,Ky Bowman,GSW,15.62,16.246881720430107,1.076681310996929,0.9902086049576814,0.8275090229875107,13.082406187025837
306,Kyle Anderson,MEM,10.29,12.512266254932234,1.237704244788962,1.1382991244158172,0.6858015965818034,12.170125985774963
307,Kyle Guy,SAC,2.67,2.0,0.75,0.6897644141613406,0.2594798316781515,0.41854618345917677
308,Kyle Korver,MIL,8.22,9.727816091954024,1.2003517431140611,1.103946555835486,0.6034029037313424,7.4357287764916
309,Kyle Kuzma,LAL,15.56,16.494685642226624,1.0724534472136262,0.9863202983101562,0.8263406635115638,13.117475577754547
310,Kyle Lowry,TOR,33.65,39.84922810561246,1.2120357593006121,1.1146921806087766,0.9773131641807203,59.430490106458606
311,Kyle O'Quinn,PHI,5.68,8.289028213166144,1.494911804613297,1.3748492868426176,0.4722107958067885,8.64848339187043
312,Kyrie Irving,BKN,37.89,46.46137931034483,1.254221447747134,1.1534897628451872,0.9859201976973968,82.56869740167835
313,LaMarcus Aldridge,SAS,19.94,25.34898567172649,1.2758264079251538,1.1733595397787484,0.8939086431630556,39.68658076197045
314,Lance Thomas,BKN,5.25,5.428571428571429,1.0337323177366702,0.9507090220577056,0.4460489176829784,2.2276895979614517
315,Landry Shamet,LAC,12.29,14.441438234247064,1.1876919905888743,1.0923035601235351,0.7491126301103966,13.84183726751873
316,Langston Galloway,DET,12.14,14.27015437392796,1.1826094785023171,1.0876292454943992,0.7448425889999475,13.416983502414974
317,Larry Nance Jr.,CLE,12.38,16.31904761904762,1.3408455112780484,1.2331566914234218,0.7516402775494684,23.52083652471769
318,Lauri Markkanen,CHI,16.43,19.06607594936709,1.167806494350689,1.0740151499061492,0.8425336770803586,19.980544594105588
319,LeBron James,LAL,44.95,52.825917900322,1.196271428535264,1.1001939481087686,0.9936375162145923,78.10770561573052
320,Lonnie Walker IV,SAS,8.82,9.626686034446982,1.1146227471362575,1.0251028082524598,0.6292919835669243,6.412347312477797
321,Lonzo Ball,NOP,27.32,31.26686103012634,1.1799239534801844,1.0851594060362564,0.9537540071730173,39.97984891295692
322,Lou Williams,LAC,29.68,33.7246963562753,1.1566861178781185,1.063787896622341,0.9645383939517096,40.712911384018845
323,Louis King,DET,3.23,3.3,1.053639846743295,0.9690176955012448,0.30469741800084227,0.9689870146781936
324,Luguentz Dort,OKC,8.26,8.838293650793652,1.0737667772292503,0.9875281493885928,0.605183743258971,5.205383300346122
325,Luka Doncic,DAL,45.48,53.62827373368442,1.1968494620949006,1.1007255574149397,0.9940058236319411,79.61170087407628
326,Luka Samanic,SAS,8.25,11.166666666666664,1.3529886914378029,1.24432460282202,0.6047392844552724,12.17657756981633
327,Luke Kennard,DET,22.43,26.311714285714288,1.1921165048543692,1.0963727234439187,0.9198299488434629,33.16807990761634
328,Luke Kornet,CHI,6.95,8.321428571428571,1.2112705344146393,1.1139884140818768,0.5424853381311445,5.7474842876560714
329,Malcolm Brogdon,IND,30.9,36.05186064924782,1.195206696212877,1.099214728819982,0.9690866519229439,49.86093903564
330,Malcolm Miller,TOR,1.7,2.5746753246753253,1.5170645852464033,1.3952228865165368,0.1740883329351025,0.6513569595405139
331,Malik Beasley,MIN,13.64,15.454107338444688,1.1454583359582473,1.0534618640646194,0.7844667361770316,14.034177398083395
332,Malik Monk,CHA,15.33,15.676363636363638,1.0425634824667471,0.9588309196129107,0.821788168916246,11.502654162264367
333,Marc Gasol,TOR,13.15,16.453208556149733,1.26439355957557,1.1628449105200203,0.7722507405967525,20.04791243606079
334,Marco Belinelli,SAS,8.13,9.635285396590069,1.190005346692741,1.0944311210805087,0.5993665904965086,7.1526100674983395
335,Marcus Morris Sr.,LAC,18.69,20.634744623655923,1.1136439473073354,1.0242026198650227,0.8778880298339506,19.4919356091029
336,Marcus Smart,BOS,22.33,25.73881922675026,1.1771878171822237,1.0826430201020851,0.9189228601968038,30.934491322886597
337,Marial Shayok,PHI,5.19,3.75,0.722543352601156,0.6645129230841431,0.442296756222444,1.0645472685310549
338,Mario Hezonja,POR,7.0,7.571526586620926,1.0965430896570911,1.00847520245332,0.5450518671507709,4.198291030834302
339,Markelle Fultz,ORL,25.0,27.45984665052461,1.1259419114545732,1.0355128839122183,0.9399607427858832,29.033550065106642
340,Markieff Morris,LAL,11.64,13.517241379310345,1.1729503291442251,1.0787458621633574,0.7300772557562853,12.114615759308093
341,Marko Guduric,MEM,6.24,6.706363636363638,1.0951603325415675,1.0072035002510311,0.5044386201412344,3.4296438824481243
342,Marquese Chriss,GSW,11.21,14.51371089982086,1.3120693538389172,1.2066916655863327,0.7166975089148488,18.081909432217607
343,Marvin Bagley III,SAC,14.9,17.272727272727273,1.1656221685291457,1.0720062562786368,0.8129544220946125,17.23950694708853
344,Marvin Williams,MIL,6.93,8.667025862068966,1.2627800944533762,1.161361029420314,0.5414546770426544,6.649176871141166
345,Mason Plumlee,DEN,10.07,13.918926974664679,1.4075837955148298,1.2945349494617104,0.6779274267687492,20.493721233105454
346,Matisse Thybulle,PHI,6.79,8.293574660633485,1.2391558315124505,1.139634128237059,0.5341747450027863,5.9526838084357205
347,Matt Mooney,CLE,1.75,1.0,0.5714285714285714,0.5255347917419738,0.17872146589856086,0.17872146589856086
348,Matt Thomas,TOR,5.42,6.628048780487805,1.233657163609951,1.134577080977812,0.4565435151926458,3.90308099580292
349,Matthew Dellavedova,CLE,9.65,11.16956049918611,1.1871875670426053,1.0918396489076934,0.6623427882421884,9.233580989721457
350,Maurice Harkless,NYK,7.45,9.125806451612902,1.2434071729957803,1.143544026993924,0.567512337857613,7.113572531213748
351,Maxi Kleber,DAL,8.99,12.18087318087318,1.3617727450214758,1.2524031729208254,0.6363150430937685,14.56730759097605
352,Melvin Frazier Jr.,ORL,2.46,2.736842105263158,1.1363636363636365,1.0450975972141525,0.241775113838256,0.6924369773429939
353,Meyers Leonard,MIA,7.54,9.132352941176473,1.2409410636257059,1.141275981014048,0.5718695772520287,7.138170911980229
354,Mfiondu Kabengele,LAC,3.27,3.9166666666666665,1.2303664921465969,1.1315506968789881,0.30781953445942434,1.4428174373492697
355,Michael Carter-Williams,ORL,12.22,13.808641975308642,1.1662704371037709,1.0726024597367643,0.7471289104288449,12.483152507067173
356,Michael Frazier,HOU,3.63,2.5384615384615383,0.6997455470737914,0.6435461031191474,0.3352952119802707,0.6106427100799142
357,Michael Kidd-Gilchrist,DAL,3.97,4.3039999999999985,1.096169519152404,1.0081316349329017,0.3602422916664981,1.5689943410453522
358,Michael Porter Jr.,DEN,8.74,11.502097902097905,1.332719694563463,1.2256834924824638,0.6259402454015517,12.494238943792777
359,Mikal Bridges,PHX,11.46,14.260081034150105,1.2638232268513958,1.162320383563531,0.7245550931499257,15.904899590424211
360,Mike Conley,UTA,23.88,27.29053558327219,1.1680039087326008,1.0741967091267979,0.9318977581343261,32.50331785281762
361,Mike Muscala,OKC,5.7,7.101929737753588,1.2611103886746962,1.1598254245826431,0.47339709467072366,4.599107380146994
362,Mike Scott,PHI,6.47,8.369281045751634,1.3134949942557033,1.2080028069555182,0.5170979396136606,6.732598017458659
363,Miles Bridges,CHA,16.27,18.097435897435894,1.1249888425589432,1.034636359900952,0.8396733566354174,16.79912635343353
364,Mitchell Robinson,NYK,5.51,11.190416141235811,2.0491576147195745,1.88458133552173,0.4620187465391845,43.78200434476218
365,Miye Oni,UTA,4.72,5.0600000000000005,1.0952380952380951,1.0072750175054497,0.41201183236247296,2.109516432113941
366,Mo Bamba,ORL,5.25,7.160915228807203,1.3692843084938515,1.2593114518247706,0.4460489176829784,5.321746141111776
367,Monte Morris,DEN,15.6,18.69023420238621,1.2234899895747642,1.125226474521736,0.8271204458490291,22.306083887208214
368,Montrezl Harrell,LAC,17.78,23.51216931216932,1.3375592959136988,1.2301344055359569,0.8647232400100255,42.04859238447248
369,Moritz Wagner,WAS,9.35,12.272222222222224,1.3249760076775432,1.2185617329513767,0.6507512935986635,13.81450076707617
370,Moses Brown,POR,1.72,1.4444444444444444,0.8376288659793815,0.7703554453691949,0.1759447143551195,0.23356224360222186
371,Mychal Mulder,GSW,12.47,14.317460317460318,1.1615927471282128,1.068300454289272,0.7541424593719208,12.949874306010198
372,Myles Turner,IND,12.59,15.289473684210524,1.221015209981262,1.1229504546597486,0.757439531687697,16.194297163766713
373,Nassir Little,POR,4.22,4.78125,1.1341174145087962,1.0430317786784455,0.37798639996577643,1.9331230710534195
374,Naz Mitrou-Long,IND,8.0,6.8,0.9189189189189191,0.8451167596931742,0.5934637288360864,2.998896074499041
375,Naz Reid,MIN,10.98,12.485585585585588,1.1443467174861528,1.0524395242457192,0.7092707094948757,10.109184044143428
376,Nemanja Bjelica,SAC,14.6,19.19911795681938,1.3253974197390077,1.2189492996763056,0.8065333010911598,29.571756228207043
377,Nerlens Noel,OKC,6.44,9.980327868852457,1.5624679191048143,1.4369796918229616,0.5154652425616478,14.058862577729986
378,Nickeil Alexander-Walker,NOP,11.13,11.640267927501972,1.0848984544153897,0.9977657957791669,0.7141360434767616,8.26727436663209
379,Nicolas Batum,CHA,8.43,10.787878787878787,1.3229282794500186,1.2166784662030832,0.6126635331484315,11.065552167265716
380,Nicolas Claxton,BKN,4.28,6.866666666666666,1.603362391033624,1.4745897604528455,0.3821712338967542,6.54809584464672
381,Nicolo Melli,NOP,8.47,10.654651162790696,1.2681089220174595,1.1662618769175228,0.6144027896814495,9.701368831492045
382,Nigel Williams-Goss,UTA,3.39,2.8,0.8264462809917357,0.760070979792111,0.31710201993709086,0.6935389418331716
383,Nikola Jokic,DEN,29.51,38.220743639921714,1.3245638545196092,1.2181826815093406,0.9638536007936059,81.57188052899053
384,Nikola Vucevic,ORL,24.38,29.828021764477267,1.245781249594195,1.1457274317326969,0.9356230918352877,45.77397386656367
385,Noah Vonleh,DEN,4.14,5.7844827586206895,1.4062761973956297,1.2933323699275125,0.3723624948161778,3.6043530478741217
386,Norman Powell,TOR,17.53,21.29230769230769,1.2270591364482666,1.1285089685247456,0.8608642158994506,27.154757109410053
387,Norvel Pelle,PHI,2.67,3.1666666666666665,1.1845386533665836,1.0894034803878199,0.2594798316781515,0.9108808055383347
388,OG Anunoby,TOR,12.11,15.432494279176204,1.2831278079519424,1.180074534328129,0.7439798990532414,18.79335892660885
389,Omari Spellman,MIN,9.23,10.458196181698488,1.1713715207626079,1.0772938543787984,0.6460040309914941,8.100088362264623
390,Oshae Brissett,TOR,2.97,3.350877192982456,1.170343137254902,1.0763480645818306,0.28405754780764503,1.043901883342273
391,Otto Porter Jr.,CHI,14.85,16.72119815668203,1.1595837834037468,1.0664528387073018,0.811899229493468,16.370393304735305
392,P.J. Tucker,HOU,9.04,11.628777777777776,1.3059520838532568,1.2010656987224315,0.6383552137674003,12.157347590385061
393,P.J. Washington,CHA,15.89,18.320924764890282,1.1640743573502872,1.0705827561839465,0.8326701262220355,18.73107413716796
394,PJ Dozier,DEN,10.54,11.749392909179216,1.1443188956414467,1.0524139368878331,0.6945160996273947,9.2849905459779
395,Pascal Siakam,TOR,30.36,33.99035874439462,1.129673146402675,1.0389444480296528,0.9671502672071167,37.71268978901434
396,Pat Connaughton,MIL,8.2,10.20364280293448,1.269298306343502,1.1673557368946768,0.6025094740142214,9.068597046107287
397,Patrick Beverley,LAC,14.82,18.769507803121243,1.28890625566756,1.185388891132562,0.8112632587683865,26.223986338348755
398,Patrick McCaw,TOR,9.46,10.450450450450449,1.1210328965170668,1.0309981321622472,0.6550470037608953,7.36204989826496
399,Patrick Patterson,LAC,5.05,6.828028110789582,1.352220926881664,1.2436185005963147,0.4334425786529733,4.725814189828939
400,Patty Mills,SAS,14.03,17.208333333333332,1.2449576884289912,1.1449700141531733,0.7937196325545615,20.632459693618685
401,Paul George,LAC,27.93,32.79571484992101,1.1975795088523284,1.1013969711135365,0.9568214624200682,44.704091459002385
402,Paul Millsap,DEN,12.1,16.028499772001826,1.3312707451828758,1.2243509141882636,0.7436916880542089,22.212867243655513
403,Paul Watson,TOR,4.5,5.0,1.112099644128114,1.0227823460280852,0.39727617925387937,2.060566838630967
404,Quinn Cook,LAL,7.66,7.7028619528619515,1.02036947834154,0.9384194072751535,0.577611019880869,3.923620746286724
405,Quinndary Weatherspoon,SAS,3.63,3.96694214876033,1.0941916659068114,1.006312631219244,0.3352952119802707,1.3417173939813338
406,RJ Barrett,NYK,21.53,21.360872513562388,1.0045759521309867,0.923894324136268,0.9112867500673544,15.419933191612268
407,Rajon Rondo,LAL,19.9,21.144459706959704,1.1007484121448807,1.0123427781895196,0.8934301125084304,19.616150548310756
408,Raul Neto,PHI,9.11,10.217249657064473,1.1526102646475338,1.0600393919346052,0.6411922398639653,7.532203812086674
409,Rayjon Tucker,UTA,3.61,3.75,1.0399334442595674,0.9564121105953142,0.3337978056292993,1.181663806574232
410,Reggie Bullock,NYK,10.94,11.843727072633893,1.1000130832256694,1.011666506561285,0.7079593597124616,8.630194390817447
411,Reggie Jackson,LAC,21.41,23.713109128345913,1.1330944925376465,1.0420910117795616,0.9100808899268682,24.657165611379664
412,Richaun Holmes,SAC,9.48,15.087121212121213,1.6154807099516533,1.4857348073183316,0.655822346159524,36.972833304081476
413,Ricky Rubio,PHX,31.44,36.05546177959971,1.1863711455037769,1.0910887975417751,0.9709088930689791,48.525739564593955
414,Robert Covington,HOU,14.39,16.225345622119814,1.1328740360161855,1.041888261028397,0.8019078047682721,14.622152781190454
415,Robert Williams III,BOS,4.31,7.74384236453202,1.8116443092241736,1.6661437008276516,0.38425308084288123,11.634470890751595
416,Robin Lopez,MIL,6.55,7.459595959595959,1.1467747445572845,1.0546725464727684,0.521424952199314,4.341308845461776
417,Rodions Kurucs,BKN,6.97,7.908434650455928,1.1517613676605991,1.0592586733574367,0.5435136826279561,4.858706498910947
418,Rodney Hood,POR,13.61,16.611111111111118,1.2375242419942294,1.1381335783861424,0.7837380158974516,19.193210813120174
419,Rodney McGruder,LAC,5.14,5.332589285714286,1.0516445978306803,0.9671826932381572,0.43915054799310016,2.2166412607863757
420,Romeo Langford,BOS,3.44,3.915178571428572,1.1494102228047185,1.0570963586186035,0.32093288620073446,1.3583439518042146
421,Rondae Hollis-Jefferson,TOR,9.6,12.425,1.3126848851950976,1.2072577610867243,0.66043794026043,13.833428603663336
422,Royce O'Neale,UTA,10.48,13.884903169014088,1.3463918669762358,1.238257596475276,0.6924469188741096,17.99487595100352
423,Rudy Gay,SAS,13.31,15.15534328358209,1.152772353662413,1.060188462913792,0.7763139196749169,13.85669286533414
424,Rudy Gobert,UTA,12.11,19.491753710830125,1.6216894880052473,1.491444932860725,0.7439798990532414,62.416988863279144
425,Rui Hachimura,WAS,15.97,18.961767399267398,1.1935022753276097,1.0976471969887678,0.8341694747011325,21.082125416681546
426,Russell Westbrook,HOU,44.95,47.70806229055786,1.0798822772463657,0.9931524884374051,0.9936375162145923,46.16635444526336
427,Ryan Arcidiacono,CHI,8.18,9.093869731800767,1.118130340974401,1.028328692797637,0.6016140316331979,5.824072650586341
428,Ryan Broekhoff,PHI,4.38,6.197860962566844,1.4138974283901822,1.3003415085037069,0.3890834838931403,4.1708803508784955
429,Sekou Doumbouya,DET,8.45,8.069377990430622,0.963538095891037,0.8861523869792197,0.6135341398356013,3.9033475049411193
430,Semi Ojeleye,BOS,4.06,4.866737363025805,1.2163317808199814,1.1186431709641529,0.3666877414067825,2.1531306646546016
431,Serge Ibaka,TOR,15.86,19.342922899884925,1.222041857532704,1.1238946479222427,0.83210438212185,23.232348437844212
432,Seth Curry,DAL,14.42,18.220079787234038,1.2875244086023527,1.1841180258907045,0.802575299799777,24.953191077892747
433,Shabazz Napier,WAS,21.58,23.32733990147784,1.1067600603927397,1.0178716062319575,0.9117844065346847,22.501078075492675
434,Shai Gilgeous-Alexander,OKC,25.57,29.00902857142857,1.1459031194979912,1.053870925208246,0.9436902452618217,32.820913723394426
435,Shake Milton,PHI,13.39,17.317857142857143,1.3129535362287448,1.2075048356505076,0.7783182442868843,24.35818300920378
436,Shamorie Ponds,TOR,2.47,3.75,1.5182186234817816,1.3962842391929975,0.24262771495084967,1.5362122361831567
437,Shaquille Harrison,CHI,6.4,8.102862254025045,1.2809671945701355,1.178087448696754,0.513279723009645,6.036840041020666
438,Sindarius Thornwell,NOP,11.88,12.0,1.0101010101010102,0.9289756419681356,0.7372683098613153,7.415811085059436
439,Skal Labissiere,ATL,6.02,9.195592286501382,1.5441407767888535,1.4201244777125346,0.492019287594195,11.491725839921102
440,Solomon Hill,MIA,8.71,10.089937395022144,1.1747302595041171,1.0803828389926093,0.6246755453542567,7.589940679116057
441,Spencer Dinwiddie,BKN,34.58,39.03833975770925,1.1402008654886695,1.048626642680061,0.9795670194453364,45.69980793480884
442,Stanley Johnson,TOR,4.2,4.6,1.0948210205635946,1.006891439814092,0.3765851657158221,1.7506059324177423
443,Stanton Kidd,UTA,1.5,0.5,0.3333333333333333,0.3065619618494847,0.15529295042531932,0.12556465137582581
444,Stephen Curry,GSW,35.49,41.27,1.2106899788781975,1.1134544853492343,0.9815555050839518,61.780342155619685
445,Sterling Brown,MIL,7.92,7.9881916329284754,1.0241271324267276,0.941875268700074,0.589788051280529,4.175320997239999
446,Steven Adams,OKC,11.26,17.143655785165222,1.5508160278924368,1.4262636119349918,0.7182867564850413,41.348017029524875
447,Svi Mykhailiuk,DET,12.51,14.184523809523807,1.1565715395068918,1.0636825205115348,0.7552464332301141,12.683932163737245
448,T.J. McConnell,IND,18.34,20.87274400169864,1.1766481596536689,1.0821467046900433,0.8729834992628729,23.38754805813459
449,T.J. Warren,IND,19.59,23.977402706095692,1.231250177280428,1.1323634096238417,0.8896475678382831,32.48294888540571
450,TJ Leaf,IND,3.5,3.9821428571428568,1.149010717230008,1.0567289389803443,0.3255015694241912,1.4018899240319775
451,Tacko Fall,BOS,2.76,3.571428571428572,1.2939958592132506,1.1900697276765713,0.2669404460082523,1.2143248229250851
452,Taj Gibson,NYK,5.85,8.345622119815669,1.4427519836843952,1.3268786357415718,0.48220975680671574,8.051927911872196
453,Talen Horton-Tucker,LAL,9.63,9.1875,0.9886119081779052,0.9092124182363438,0.661582134697261,4.969752522149245
454,Taurean Prince,BKN,16.81,17.185267857142858,1.031606084318623,0.948753555193746,0.8491240898790772,12.613339876322758
455,Terance Mann,LAC,5.44,6.364613476643242,1.2031960187309705,1.106562395974967,0.457765029019384,3.548677390194208
456,Terence Davis,TOR,10.5,12.35347752332485,1.2020249495640158,1.105485380191118,0.6931381983998004,11.162895637835142
457,Terrance Ferguson,OKC,5.91,6.7013888888888875,1.1448376381262286,1.0528910170293213,0.48569338832011877,3.5993469417350923
458,Terrence Ross,ORL,17.17,18.157971014492755,1.064522158781947,0.9790260042853269,0.8551130162624723,14.61110841123406
459,Terry Rozier,CHA,27.58,30.458427815570673,1.1270298087518809,1.0365134077014786,0.955087230654851,32.95533550020594
460,Thabo Sefolosha,HOU,3.09,3.943414634146341,1.2779007271577618,1.1752672618990998,0.29365869338480355,1.472828697182464
461,Thaddeus Young,CHI,14.15,15.526785714285715,1.1082150663718224,1.0192097546943084,0.7964859552268498,13.035871356576921
462,Thanasis Antetokounmpo,MIL,3.77,4.776666666666666,1.2656774421480304,1.1640256792006136,0.3456832397470081,2.1340136255859834
463,Theo Pinson,NYK,9.15,8.627565982404692,0.9617270551930648,0.8844867984111409,0.6428033939749809,4.323734298659225
464,Thomas Bryant,WAS,12.44,17.949682462139712,1.4587050266031147,1.341550424145467,0.7533112123868128,36.25390759196915
465,Thon Maker,DET,5.39,6.747727272727272,1.2557805098127681,1.154923610221645,0.4547060829813765,4.124244100926397
466,Tim Frazier,DET,12.24,13.316561844863731,1.1322180684321728,1.0412849769000032,0.7476972825817745,11.07996567399541
467,Tim Hardaway Jr.,DAL,18.49,21.533345769984145,1.1768848336275477,1.0823643704032964,0.8751091113614091,24.264682345650183
468,Timothe Luwawu-Cabarrot,BKN,8.63,9.803504380475594,1.150071650065777,1.0577046639349161,0.6212820678914869,6.948282915151839
469,Tobias Harris,PHI,25.36,28.941555555555553,1.1557103558434645,1.0628905020514157,0.9423439641449516,33.70133985030764
470,Tomas Satoransky,CHI,21.5,25.23217493166732,1.2084018821714475,1.1113501551032665,0.9109868096166476,32.928704706826345
471,Tony Bradley,UTA,3.07,6.099137931034483,1.9958812909049877,1.8355838524755455,0.2920674908276051,8.070664899443132
472,Tony Snell,DET,11.83,14.188194038573934,1.2308896722089493,1.132031858197934,0.7357861441847724,14.817324859309334
473,Torrey Craig,DEN,5.96,7.6277890466531435,1.2942071282058345,1.1902640287871047,0.4885785042603824,5.485569932669387
474,Trae Young,ATL,48.45,55.033549432739065,1.1586173019847097,1.0655639793875684,0.9957085146721785,71.2659718457483
475,Tremont Waters,BOS,9.23,7.8181818181818175,0.8818703855619361,0.811043746484486,0.6460040309914941,3.4243888515016914
476,Treveon Graham,ATL,6.23,6.595999999999999,1.0744580026063262,0.9881638596116223,0.5038807489434541,3.250209028891712
477,Trevor Ariza,POR,10.94,12.778301886792455,1.1869917274256871,1.0916595379761824,0.7079593597124616,11.426159681835042
478,Trey Burke,DAL,11.51,14.3521421107628,1.2604340261208549,1.159203383488362,0.7261002618749045,15.925694356607568
479,Trey Lyles,SAS,7.54,9.400040184850312,1.2741018322839277,1.171773471902952,0.5718695772520287,7.899226600688507
480,Tristan Thompson,CLE,13.52,18.151267056530216,1.3688376140747014,1.258900633272325,0.7815370388433149,30.04611445536672
481,Troy Brown Jr.,WAS,15.18,17.453065774804898,1.1690043667600551,1.0751168162537312,0.8187550475381913,17.71377671381214
482,Troy Daniels,DEN,4.77,5.347144456886898,1.1318491689501182,1.0409457052531714,0.41531028117999147,2.3785268856118336
483,Ty Jerome,PHX,7.68,7.4667544437129685,0.9932603319391607,0.9134875079596186,0.5785604132433575,3.63031048407298
484,Tyler Cook,DEN,1.19,1.9230769230769231,1.6108247422680413,1.481452779556144,0.12531129028274557,0.3301549687865104
485,Tyler Herro,MIA,18.73,20.367750497677505,1.1047596423789574,1.016031850019485,0.878436349086195,18.77751612054947
486,Tyler Johnson,BKN,11.95,13.177677224736051,1.1295151906916614,1.0387991783916917,0.7393293838479831,10.767767279789373
487,Tyler Zeller,SAS,1.5,2.0,2.0,1.8393717710969084,0.15529295042531932,0.5557222910782453
488,Tyrone Wallace,ATL,6.32,5.219047619047619,0.8448967005858772,0.7770395702752896,0.5088790657377952,1.8374324801100024
489,Tyson Chandler,HOU,0.91,1.8351648351648355,2.1001006036217307,1.9314328833826946,0.0973174536771928,0.31438473801984146
490,Tyus Jones,MEM,15.9,19.67977585328579,1.2583967167036323,1.1573296987728472,0.8328582836396525,26.192626935647873
491,Udonis Haslem,MIA,4.69,3.5,0.746268656716418,0.6863327504092942,0.41002383805333276,0.9687703175282636
492,Vic Law,ORL,3.21,3.125,1.0146103896103895,0.9331228546554932,0.3031310828082914,0.8777813225930597
493,Victor Oladipo,IND,22.37,22.407287449392708,1.0235081775614518,0.9413060246466883,0.919286920793079,17.162503992076708
494,Vince Carter,ATL,7.38,7.042857142857143,0.9565633569617632,0.8797378180305813,0.5640927385059291,3.1415737425832915
495,Vincent Poirier,BOS,2.28,2.9545454545454546,1.3243683781581093,1.2180029046587109,0.2262631156726136,0.8465892955947514
496,Vlatko Cancar,DEN,1.2,1.6428571428571428,1.3723150357995226,1.2620987689507426,0.1262948514671497,0.23631641469998393
497,Wayne Ellington,NYK,7.08,8.371749408983453,1.197294528537281,1.101134878740128,0.5491284003821328,5.699267379494701
498,Wendell Carter Jr.,CHI,11.11,15.014584154513203,1.3740255355496462,1.2636718914281655,0.7134920666140598,21.8834578214718
499,Wenyen Gabriel,POR,2.32,2.833333333333333,1.2559101654846334,1.1550428527130407,0.2297374255971142,0.764988563071677
500,Wes Iwundu,ORL,7.69,9.006118881118883,1.1895909922225711,1.0940500451226796,0.5790343094014994,6.412336200584161
501,Wesley Matthews,MIL,9.19,10.960199004975124,1.2059602794017823,1.1091046474978894,0.6444073135223727,9.171237174374376
502,Will Barton,DEN,21.35,25.00469552457813,1.193129146723651,1.0973040358782125,0.9094718270869316,31.10598527436437
503,William Howard,HOU,3.5,2.5,0.8333333333333334,0.7664049046237118,0.3255015694241912,0.6569559665116829
504,Willie Cauley-Stein,DAL,8.3,11.032282282282278,1.3416431926025656,1.2338903076787457,0.6069565862847264,11.74065474922829
505,Willy Hernangomez,CHA,6.51,8.592375366568914,1.3455427175370598,1.2374766457213444,0.5192663142316296,7.435898802085292
506,Wilson Chandler,BKN,8.83,9.318367346938777,1.0654085232681858,0.9798411811927723,0.6297088335978671,5.609690060699466
507,Yogi Ferrell,SAC,8.03,8.304096385542167,1.071551613701632,0.9854908947580606,0.5948336007828889,4.790157181206506
508,Yuta Watanabe,MEM,2.64,2.8,1.0606060606060606,0.9754244240665423,0.25697612503666856,0.7015548660108339
509,Zach Collins,POR,8.23,11.348484848484848,1.4102274438921525,1.2969662755606872,0.6038488652550293,14.097662538968729
510,Zach LaVine,CHI,35.02,38.41428571428572,1.118341521842803,1.0285229128616042,0.9805539148468491,41.798297152429335
511,Zach Norvell Jr.,GSW,4.49,4.133333333333333,0.920974450386215,0.847007202970947,0.3965976714575168,1.3193531666693232
512,Zhaire Smith,PHI,2.54,2.0,0.7882882882882883,0.7249776124818896,0.24856913874374653,0.4108537119824636
513,Zion Williamson,NOP,21.26,27.529411764705888,1.2972313719330504,1.1930453830574836,0.908550488867635,47.43426202715359
514,Zylan Cheatham,NOP,3.5,4.75,1.3571428571428572,1.2481451303871878,0.3255015694241912,2.275961548270477
